{
  "yield": {
    "R2": -239.3896771262372,
    "MAE": 89.57870252673,
    "RMSE": 89.77283321676583
  },
  "impurity": {
    "R2": 0.16538796654962895,
    "MAE": 0.84133910096793,
    "RMSE": 1.1800062596169216
  }
}